Country,Count
United States of America,724
China,626
India,140
Germany,136
Russia,118
Hong Kong,71
Brazil,65
Canada,64
United Kingdom,56
Italy,51
Japan,49
Taiwan,47
Australia,44
South Korea,43
France,42
Sweden,41
Switzerland,40
Thailand,31
Spain,30
Singapore,27
Turkey,27
Israel,24
Indonesia,21
Malaysia,17
Philippines,17
Mexico,13
Austria,12
Netherlands,12
Norway,12
Denmark,10
Chile,9
Czechia,9
Ireland,9
Poland,8
Finland,7
Ukraine,7
Egypt,6
Lebanon,6
Peru,6
Vietnam,6
Argentina,5
Colombia,5
Cyprus,5
Kazakhstan,5
South Africa,5
Greece,4
United Arab Emirates,4
Belgium,3
Monaco,3
Nigeria,3
Georgia,2
Hungary,2
Iceland,2
Morocco,2
New Zealand,2
Portugal,2
Qatar,2
Romania,2
Slovakia,2
Algeria,1
Swaziland,1
Guernsey,1
Liechtenstein,1
Macao,1
Nepal,1
Oman,1
St. Kitts and Nevis,1
Tanzania,1
Venezuela,1
Zimbabwe,1
Afghanistan,0
Albania,0
American Samoa,0
Andorra,0
Angola,0
Anguilla,0
Antigua and Barbuda,0
Armenia,0
Aruba,0
Azerbaijan,0
Bahamas,0
Bahrain,0
Bangladesh,0
Barbados,0
Belarus,0
Belize,0
Benin,0
Bermuda,0
Bhutan,0
Bolivia,0
Bosnia and Herzegovina,0
Botswana,0
British Virgin Islands,0
Brunei,0
Bulgaria,0
Burkina Faso,0
Burundi,0
Cabo Verde,0
Cambodia,0
Cameroon,0
Caribbean Netherlands,0
Cayman Islands,0
Central African Republic,0
Chad,0
Channel Islands,0
Comoros,0
Congo,0
Cook Islands,0
Costa Rica,0
Croatia,0
Cuba,0
Curacao,0
Cote d'Ivoire,0
Djibouti,0
Dominica,0
Dominican Republic,0
DR Congo,0
Ecuador,0
El Salvador,0
Equatorial Guinea,0
Eritrea,0
Estonia,0
Eswatini,0
Ethiopia,0
Faeroe Islands,0
Falkland Islands,0
Fiji,0
French Guiana,0
French Polynesia,0
Gabon,0
Gambia,0
Ghana,0
Gibraltar,0
Greenland,0
Grenada,0
Guadeloupe,0
Guam,0
Guatemala,0
Guinea,0
Guinea-Bissau,0
Guyana,0
Haiti,0
Honduras,0
Iran,0
Iraq,0
Isle of Man,0
Jamaica,0
Jordan,0
Kenya,0
Kiribati,0
Kuwait,0
Kyrgyzstan,0
Laos,0
Latvia,0
Lesotho,0
Liberia,0
Libya,0
Lithuania,0
Luxembourg,0
Madagascar,0
Malawi,0
Maldives,0
Mali,0
Malta,0
Marshall Islands,0
Martinique,0
Mauritania,0
Mauritius,0
Micronesia,0
Moldova,0
Mongolia,0
Montenegro,0
Montserrat,0
Mozambique,0
Myanmar,0
Namibia,0
Nauru,0
New Caledonia,0
Nicaragua,0
Niger,0
North Korea,0
North Macedonia,0
Northern Mariana Islands,0
Pakistan,0
Palau,0
Panama,0
Papua New Guinea,0
Paraguay,0
Puerto Rico,0
Rwanda,0
Reunion,0
Saint Barthelemy,0
Saint Helena,0
Saint Lucia,0
Saint Martin,0
Saint Pierre & Miquelon,0
Samoa,0
San Marino,0
Saudi Arabia,0
Senegal,0
Serbia,0
Seychelles,0
Sierra Leone,0
Sint Maarten,0
Slovenia,0
Solomon Islands,0
Somalia,0
South Sudan,0
Sri Lanka,0
State of Palestine,0
Sudan,0
Syria,0
Tajikistan,0
Timor-Leste,0
Togo,0
Tonga,0
Trinidad and Tobago,0
Tunisia,0
Turkmenistan,0
U.S Virgin Islands,0
Uganda,0
Uruguay,0
Uzbekistan,0
Western Sahara,0
Yemen,0
Zambia,0
